K26A1	hpAfrica2
SA144C	hpAfrica2
SA155C	hpAfrica2
SA160C	hpAfrica2
SA166A	hpAfrica2
SA169C	hpAfrica2
SA172C	hpAfrica2
SA174A	hpAfrica2
SA175A	hpAfrica2
SA194C	hpAfrica2
SA233C	hpAfrica2
SA251C	hpAfrica2
SA253C	hpAfrica2
SA29A	hpAfrica2
SA303C	hpAfrica2
SA34C	hpAfrica2
SA36C	hpAfrica2
SA40C	hpAfrica2
SA47C	hpAfrica2
SouthAfrica20	hpAfrica2
SouthAfrica50	hpAfrica2
SouthAfrica7	hpAfrica2
FD535	hpAsia2
FD662	hpAsia2
FD719	hpAsia2
Mandalay03	hpAsia2
Myanmar51	hpAsia2
Myanmar66	hpAsia2
NAK7	hpAsia2
Santal49	hpAsia2
UM018	hpAsia2
UM054	hpAsia2
UM087	hpAsia2
UM122	hpAsia2
UM131	hpAsia2
UM147	hpAsia2
UM152	hpAsia2
UM158	hpAsia2
UM165	hpAsia2
UM228	hpAsia2
UM300	hpAsia2
UM400b	hpAsia2
UM408	hpAsia2
UM411	hpAsia2
Yangon142	hpAsia2
Yangon188	hpAsia2
Yangon202	hpAsia2
Yangon233	hpAsia2
BGD107	hpAsia2
BGD130	hpAsia2
FD423	hpAsia2
FD430	hpAsia2
FD703	hpAsia2
Mandalay30	hpAsia2
MS220	hpAsia2
MS236	hpAsia2
MS243	hpAsia2
MS244	hpAsia2
MS255	hpAsia2
MS280	hpAsia2
Myanmar52	hpAsia2
NAB47	hpAsia2
UM067	hpAsia2
UM084	hpAsia2
UM114	hpAsia2
Yangon132	hpAsia2
Yangon179	hpAsia2
Yangon190	hpAsia2
GAM101Biv	hspAfrica1WAfrica
GAM121Aii	hspAfrica1WAfrica
GAM201Ai	hspAfrica1WAfrica
GAM210Bi	hspAfrica1WAfrica
GAM231Ai	hspAfrica1WAfrica
GAM239Bi	hspAfrica1WAfrica
GAM244Ai	hspAfrica1WAfrica
GAM245Ai	hspAfrica1WAfrica
GAM246Ai	hspAfrica1WAfrica
GAM249T	hspAfrica1WAfrica
GAM250T	hspAfrica1WAfrica
GAM254Ai	hspAfrica1WAfrica
GAM260ASi	hspAfrica1WAfrica
GAM260Bi	hspAfrica1WAfrica
GAM260BSi	hspAfrica1WAfrica
GAM263BFi	hspAfrica1WAfrica
GAM264Ai	hspAfrica1WAfrica
GAM265BSii	hspAfrica1WAfrica
GAM270ASi	hspAfrica1WAfrica
GAM71Ai	hspAfrica1WAfrica
GAM80Ai	hspAfrica1WAfrica
GAM83Bi	hspAfrica1WAfrica
GAM93Bi	hspAfrica1WAfrica
GAM96Ai	hspAfrica1WAfrica
Gambia94-24	hspAfrica1WAfrica
GAMchjs106B	hspAfrica1WAfrica
GAMchjs114i	hspAfrica1WAfrica
GAMchjs117Ai	hspAfrica1WAfrica
GAMchjs124i	hspAfrica1WAfrica
GAMchjs136i	hspAfrica1WAfrica
HP116Bi	hspAfrica1WAfrica
GAM100Ai	hspAfrica1WAfrica
GAM103Bi	hspAfrica1WAfrica
GAM105Ai	hspAfrica1WAfrica
GAM112Ai	hspAfrica1WAfrica
GAM114Ai	hspAfrica1WAfrica
GAM115Ai	hspAfrica1WAfrica
GAM117Ai	hspAfrica1WAfrica
GAM118Bi	hspAfrica1WAfrica
GAM119Bi	hspAfrica1WAfrica
GAM120Ai	hspAfrica1WAfrica
CAM-105A1	hspCNEAfrica
CAM-107A1	hspCNEAfrica
CAM-108A1	hspCNEAfrica
CAM-109A1	hspCNEAfrica
CAM-117A1	hspCNEAfrica
CAM-118A1	hspCNEAfrica
CAM-119A1	hspCNEAfrica
CAM-120A1	hspCNEAfrica
CAM-121A1	hspCNEAfrica
CAM-126C1	hspCNEAfrica
CAM-132C1	hspCNEAfrica
CAM-133C1	hspCNEAfrica
CAM-135C1	hspCNEAfrica
CAM-140C1	hspCNEAfrica
CAM-144C1	hspCNEAfrica
CAM-146C1	hspCNEAfrica
CAM-147C1	hspCNEAfrica
CAM-21A1	hspCNEAfrica
CAM-23A1	hspCNEAfrica
nigh1432	hspCNEAfrica
nigh1448	hspCNEAfrica
nigh2492	hspCNEAfrica
nigh2493	hspCNEAfrica
nigh2494	hspCNEAfrica
nigh2495	hspCNEAfrica
nigh2496	hspCNEAfrica
SUD-C13-1	hspCNEAfrica
SUD-K201	hspCNEAfrica
SUD-S74	hspCNEAfrica
SUD-SO32-1	hspCNEAfrica
SUD-SO42	hspCNEAfrica
SUD-SO60-1	hspCNEAfrica
CAM-106A1	hspCNEAfrica
CAM-110A1	hspCNEAfrica
CAM-116A1	hspCNEAfrica
CAM-125C1	hspCNEAfrica
CAM-141C1	hspCNEAfrica
CAM-149C1	hspCNEAfrica
CAM-14C1	hspCNEAfrica
CAM-153C1	hspCNEAfrica
CAM-22A1	hspCNEAfrica
CAM-104A1	hspCNEAfrica
CPY1124	hspEAsia
CPY3281	hspEAsia
CPY6261	hspEAsia
D33	hspEAsia
DU1829	hspEAsia
DU1838	hspEAsia
DU1867	hspEAsia
DU1888	hspEAsia
F216	hspEAsia
F219	hspEAsia
F221	hspEAsia
F225	hspEAsia
F226	hspEAsia
F227	hspEAsia
F228	hspEAsia
F232	hspEAsia
F233	hspEAsia
F234	hspEAsia
F235	hspEAsia
F93	hspEAsia
GU1861	hspEAsia
GU1862	hspEAsia
GU1871	hspEAsia
GU1882	hspEAsia
GU1883	hspEAsia
HLJ039	hspEAsia
HLJHP253	hspEAsia
HLJHP256	hspEAsia
HP37	hspEAsia
HP76	hspEAsia
HP85	hspEAsia
MALT1706	hspEAsia
MALT1726	hspEAsia
MALT1785	hspEAsia
oki128	hspEAsia
oki154	hspEAsia
oki673	hspEAsia
oki828	hspEAsia
PIK29	hspEAsia
PIK93	hspEAsia
XZ274	hspEAsia
YN1-136	hspEAsia
YN1-139	hspEAsia
YN1-92	hspEAsia
YN1-99	hspEAsia
YN3-21	hspEAsia
YN3-34	hspEAsia
YN3-77	hspEAsia
YN4-105	hspEAsia
YN4-109	hspEAsia
YN4-58	hspEAsia
YN4-83	hspEAsia
51	hspEAsia
52	hspEAsia
35A	hspEAsia
CPY1313	hspEAsia
CPY1662	hspEAsia
CPY6081	hspEAsia
CPY6271	hspEAsia
CPY6311	hspEAsia
F16	hspEAsia
F30	hspEAsia
F32	hspEAsia
F57	hspEAsia
HLJHP193	hspEAsia
HLJHP271	hspEAsia
Hp238	hspEAsia
YN1-91	hspEAsia
YN4-125	hspEAsia
YN4-134	hspEAsia
YN4-84	hspEAsia
SUD-C1-1a	hspENEAfrica
SUD-C14-1	hspENEAfrica
SUD-C16-3	hspENEAfrica
SUD-C18-1	hspENEAfrica
SUD-I14	hspENEAfrica
SUD-J1-1a	hspENEAfrica
SUD-S72	hspENEAfrica
SUD-SO11-1	hspENEAfrica
SUD-SO35-1	hspENEAfrica
SUD-SO38-1	hspENEAfrica
SUD-SO48-1	hspENEAfrica
SUD-SO49-1	hspENEAfrica
SUD-C15-1	hspENEAfrica
SUD-C17-1	hspENEAfrica
SUD-C5-1	hspENEAfrica
SUD-C8-1	hspENEAfrica
SUD-I2	hspENEAfrica
SUD-SO16-1	hspENEAfrica
SUD-SO21-1	hspENEAfrica
SUD-SO41-1	hspENEAfrica
SUD-SO43-1x	hspENEAfrica
SUD-YL1-6	hspENEAfrica
3745	hspEuropeC
21580	hspEuropeC
27935	hspEuropeC
28861	hspEuropeC
29373	hspEuropeC
30950	hspEuropeC
31181	hspEuropeC
31235	hspEuropeC
33375	hspEuropeC
36166	hspEuropeC
B29	hspEuropeC
B35	hspEuropeC
B38	hspEuropeC
BON254	hspEuropeC
CHA185	hspEuropeC
De-M53-M	hspEuropeC
ES-12	hspEuropeC
G27	hspEuropeC
GC11-HL	hspEuropeC
GC23-HL	hspEuropeC
GC26-HL	hspEuropeC
GC27-HL	hspEuropeC
GC30-HL	hspEuropeC
GC31-B	hspEuropeC
GC34-HL	hspEuropeC
GC43-HL	hspEuropeC
GC54-HL	hspEuropeC
GC62-HL-2	hspEuropeC
GC65-HL	hspEuropeC
GC69-HL	hspEuropeC
GR-1	hspEuropeC
GR-10	hspEuropeC
GR-11	hspEuropeC
GR-12	hspEuropeC
GR-13	hspEuropeC
GR-14	hspEuropeC
GR-16	hspEuropeC
GR-17	hspEuropeC
GR-18	hspEuropeC
GR-2	hspEuropeC
GR-22	hspEuropeC
GR-23	hspEuropeC
GR-24	hspEuropeC
GR-25	hspEuropeC
GR-26	hspEuropeC
GR-27	hspEuropeC
GR-28	hspEuropeC
GR-29	hspEuropeC
GR-30	hspEuropeC
GR-31	hspEuropeC
GR-32	hspEuropeC
GR-33	hspEuropeC
GR-34	hspEuropeC
GR-35	hspEuropeC
GR-36	hspEuropeC
GR-38	hspEuropeC
GR-4	hspEuropeC
GR-6	hspEuropeC
GR-7	hspEuropeC
GR-8	hspEuropeC
GR-9	hspEuropeC
HE-NC13-6	hspEuropeC
HE-NC26-4	hspEuropeC
IL-3169	hspEuropeC
Lithuania75	hspEuropeC
P12	hspEuropeC
PHI092	hspEuropeC
SSR43	hspEuropeC
444	hspEuropeN
448	hspEuropeN
456	hspEuropeN
518	hspEuropeN
638	hspEuropeN
26695	hspEuropeN
60190WT	hspEuropeN
B24	hspEuropeN
B44	hspEuropeN
H3014	hspEuropeN
H3016	hspEuropeN
HE-C1	hspEuropeN
HE-C11	hspEuropeN
HE-C13	hspEuropeN
HE-C18	hspEuropeN
HE-C23	hspEuropeN
HE-C30	hspEuropeN
HE-C32	hspEuropeN
HE-C33	hspEuropeN
HE-C34	hspEuropeN
HE-C38	hspEuropeN
HE-C40	hspEuropeN
HE-C50	hspEuropeN
HE-C52	hspEuropeN
HE-C55	hspEuropeN
HE-C57	hspEuropeN
HE-C58	hspEuropeN
HE-C59	hspEuropeN
HE-C66	hspEuropeN
HE-C73	hspEuropeN
HE-C9	hspEuropeN
HE-NC1-1	hspEuropeN
HE-NC1-2	hspEuropeN
HE-NC11-1	hspEuropeN
HE-NC13-2	hspEuropeN
HE-NC13-5	hspEuropeN
HE-NC14-2	hspEuropeN
HE-NC18-2	hspEuropeN
HE-NC18-4	hspEuropeN
HE-NC19-3	hspEuropeN
HE-NC19-5	hspEuropeN
HE-NC20-5	hspEuropeN
HE-NC23-2a	hspEuropeN
HE-NC24-6	hspEuropeN
HE-NC27-4	hspEuropeN
HE-NC29-2	hspEuropeN
HE-NC30-2	hspEuropeN
HE-NC30-3	hspEuropeN
HE-NC32-4	hspEuropeN
HE-NC32-5	hspEuropeN
HE-NC36-3	hspEuropeN
HE-NC36-4	hspEuropeN
HE-NC38-2	hspEuropeN
HE-NC38-4	hspEuropeN
HE-NC38-5	hspEuropeN
HE-NC39-3	hspEuropeN
HE-NC47-5	hspEuropeN
HE-NC5-3	hspEuropeN
HE-NC55-1	hspEuropeN
HE-NC55-2	hspEuropeN
HE-NC55-5	hspEuropeN
HE-NC60-1	hspEuropeN
HE-NC60-3	hspEuropeN
HE-NC61-4	hspEuropeN
HE-NC76-0	hspEuropeN
HE-NC89-1	hspEuropeN
HE-NC9-1	hspEuropeN
HPAG1	hspEuropeN
Kx-1013A	hspEuropeN
Kx-10A	hspEuropeN
Kx-1218A	hspEuropeN
Kx-1243A	hspEuropeN
Kx-1275A	hspEuropeN
Kx-1300A	hspEuropeN
Kx-1302A	hspEuropeN
Kx-1322A	hspEuropeN
Kx-1325A	hspEuropeN
Kx-20A	hspEuropeN
Kx-25A	hspEuropeN
Kx-32A	hspEuropeN
Kx-33A	hspEuropeN
Kx-36A	hspEuropeN
Kx-37A	hspEuropeN
Kx-3A	hspEuropeN
Kx-5A	hspEuropeN
Kx-6A	hspEuropeN
SSR1	hspEuropeN
SSR13	hspEuropeN
SSR14	hspEuropeN
SSR17	hspEuropeN
SSR2	hspEuropeN
SSR20	hspEuropeN
SSR22	hspEuropeN
SSR23	hspEuropeN
SSR3	hspEuropeN
SSR33	hspEuropeN
SSR4	hspEuropeN
SSR40	hspEuropeN
SSR5	hspEuropeN
SSR7	hspEuropeN
SSR8	hspEuropeN
SSR9	hspEuropeN
Sw-577-G	hspEuropeN
Sw-A626-G	hspEuropeN
SW21C	hspEuropeN
SW7C	hspEuropeN
UK-EN31-U	hspEuropeN
Otzi	hspEuropeN
3697	hspEuropeSW
3738	hspEuropeSW
3800	hspEuropeSW
34320	hspEuropeSW
38185	hspEuropeSW
3735-2	hspEuropeSW
1152-04	hspEuropeSW
1198-04	hspEuropeSW
173-00	hspEuropeSW
1786-05	hspEuropeSW
207-99	hspEuropeSW
228-99	hspEuropeSW
499-02	hspEuropeSW
565-99	hspEuropeSW
655-99	hspEuropeSW
ANT170	hspEuropeSW
B23	hspEuropeSW
B25	hspEuropeSW
B26	hspEuropeSW
B37	hspEuropeSW
B43	hspEuropeSW
B45	hspEuropeSW
ES-10	hspEuropeSW
ES-11	hspEuropeSW
ES-13	hspEuropeSW
ES-15	hspEuropeSW
ES-25	hspEuropeSW
ES-26	hspEuropeSW
ES-31	hspEuropeSW
ES-46	hspEuropeSW
ES-58	hspEuropeSW
ES-60	hspEuropeSW
ES-610	hspEuropeSW
ES-68	hspEuropeSW
ES-7	hspEuropeSW
ES-76	hspEuropeSW
ES-DO	hspEuropeSW
ES-SN	hspEuropeSW
GC52-HL	hspEuropeSW
GC67-HL	hspEuropeSW
GRA247	hspEuropeSW
HUP-B14	hspEuropeSW
Pt-1293-U	hspEuropeSW
PT-1661-05	hspEuropeSW
Pt-1846-U	hspEuropeSW
Pt-212-99R-U	hspEuropeSW
PT-2956	hspEuropeSW
Pt-4472-G	hspEuropeSW
PT-4475	hspEuropeSW
Pt-4481-G	hspEuropeSW
PT-4511	hspEuropeSW
PT-4512	hspEuropeSW
PT-46-95	hspEuropeSW
PT-464-02	hspEuropeSW
Pt-5322-G	hspEuropeSW
PT-5329	hspEuropeSW
PT-5360	hspEuropeSW
PT-574-02	hspEuropeSW
Pt-5771-G	hspEuropeSW
PT-5808	hspEuropeSW
PT-5882	hspEuropeSW
PT-5895	hspEuropeSW
PT-5900	hspEuropeSW
PT-5901	hspEuropeSW
PT-6259	hspEuropeSW
PT-6314	hspEuropeSW
PT-6841	hspEuropeSW
PT-6844	hspEuropeSW
PT-6845	hspEuropeSW
PT-6858	hspEuropeSW
PT-857-99	hspEuropeSW
PT-A8-90	hspEuropeSW
PT-B100	hspEuropeSW
PT-B27	hspEuropeSW
PT-B2E-99	hspEuropeSW
Pt-B89-G	hspEuropeSW
Pt-B92-G	hspEuropeSW
PT-B94-99	hspEuropeSW
PT-B95	hspEuropeSW
PT-P10-92	hspEuropeSW
PT-P3-92	hspEuropeSW
3746	hspMiddleEast
19027	hspMiddleEast
29009	hspMiddleEast
30908	hspMiddleEast
3843-2	hspMiddleEast
B30	hspMiddleEast
B40	hspMiddleEast
B47	hspMiddleEast
GR-15	hspMiddleEast
GR-20	hspMiddleEast
GR-21	hspMiddleEast
GR-3	hspMiddleEast
GR-5	hspMiddleEast
HE-NC18-1	hspMiddleEast
IL-3163	hspMiddleEast
IL-3172	hspMiddleEast
IL-3173	hspMiddleEast
IL-3178	hspMiddleEast
IL-3184	hspMiddleEast
IL-3193	hspMiddleEast
IL-3199	hspMiddleEast
IL-3205	hspMiddleEast
IL-3227	hspMiddleEast
IL-3257	hspMiddleEast
IL-3265	hspMiddleEast
IL-3270	hspMiddleEast
IL-3280	hspMiddleEast
IL-3282	hspMiddleEast
IRANL104	hspMiddleEast
IRANL110	hspMiddleEast
IRANL112-91	hspMiddleEast
IRANL124-91	hspMiddleEast
IRANL125	hspMiddleEast
IRANL133-91	hspMiddleEast
IRANL97	hspMiddleEast
SSR12	hspMiddleEast
SW23Ci	hspMiddleEast
22	hspMiddleEast
45	hspMiddleEast
59	hspMiddleEast
CC33C	hspAfrica1SAfrica
SA146C	hspAfrica1SAfrica
SA156C	hspAfrica1SAfrica
SA157C	hspAfrica1SAfrica
SA158C	hspAfrica1SAfrica
SA161C	hspAfrica1SAfrica
SA162C	hspAfrica1SAfrica
SA168C	hspAfrica1SAfrica
SA170C	hspAfrica1SAfrica
SA216C	hspAfrica1SAfrica
SA220C	hspAfrica1SAfrica
SA226A	hspAfrica1SAfrica
SA227C	hspAfrica1SAfrica
SA252C	hspAfrica1SAfrica
SA301C	hspAfrica1SAfrica
SA30C	hspAfrica1SAfrica
SA35C	hspAfrica1SAfrica
SA45C	hspAfrica1SAfrica
SA46C	hspAfrica1SAfrica
3754	hpAsia2
A45	hpAsia2
E48	hpAsia2
H13-1	hpAsia2
India7	hpAsia2
L7	hpAsia2
Mandalay13	hpAsia2
Mandalay46	hpAsia2
Mandalay60	hpAsia2
NP04	hpAsia2
NP05	hpAsia2
NP05-105	hpAsia2
NP05-107	hpAsia2
NP05-112	hpAsia2
NP05-121	hpAsia2
NP05-124	hpAsia2
NP05-227	hpAsia2
NP05-234	hpAsia2
NP05-250	hpAsia2
NP05-266	hpAsia2
NP05-272	hpAsia2
NP05-278	hpAsia2
OK144	hpAsia2
OK179	hpAsia2
OK180	hpAsia2
OK185	hpAsia2
oki102	hpAsia2
oki112	hpAsia2
oki422	hpAsia2
oki898	hpAsia2
Qsc35	hpAsia2
SA222C	hpAsia2
UM037	hpAsia2
UM045	hpAsia2
UM139	hpAsia2
UM202	hpAsia2
UM209	hpAsia2
UM211	hpAsia2
OK103	hspEAsia
OK113	hspEAsia
OK130	hspEAsia
OK134	hspEAsia
OK136	hspEAsia
OK168	hspEAsia
OK188	hspEAsia
OK195	hspEAsia
OK212	hspEAsia
OK301	hspEAsia
OK302	hspEAsia
OK303	hspEAsia
OK305	hspEAsia
OK306	hspEAsia
OK307	hspEAsia
OK308	hspEAsia
OK310	hspEAsia
OK311	hspEAsia
OK312	hspEAsia
OK313	hspEAsia
OK316	hspEAsia
OK318	hspEAsia
OK99	hspEAsia
3755	hspAfrica1SAfrica
3770	hspAfrica1SAfrica
Pt-1918-U	hspAfrica1SAfrica
Pt-4497-U	hspAfrica1SAfrica
PT-56-99	hspAfrica1SAfrica
462	hspAfrica1WAfrica
908	hspAfrica1WAfrica
3802	hspAfrica1WAfrica
3824	hspAfrica1WAfrica
B41	hspAfrica1WAfrica
ES-54	hspAfrica1WAfrica
ES-61	hspAfrica1WAfrica
Fr-G12-G	hspAfrica1WAfrica
3699	hspCNEAfrica
3774	hspCNEAfrica
B31	hspCNEAfrica
GR-19	hspCNEAfrica
83	hspEAsia
178	hspEAsia
241	hspEAsia
428	hspEAsia
1177	hspEAsia
98-10	hspEAsia
8A3	hspEAsia
CPY1962	hspEAsia
DU15	hspEAsia
Fr-B58-M	hspEAsia
H30	hspEAsia
H9	hspEAsia
HP32	hspEAsia
HP97	hspEAsia
K29	hspEAsia
OK206	hspEAsia
OK304	hspEAsia
OK314	hspEAsia
Q-5-14	hspEAsia
S380A	hspEAsia
S468A	hspEAsia
YN1-100	hspEAsia
UM007	hspEAsia
UM023	hspEAsia
UM032	hspEAsia
UM034	hspEAsia
UM038	hspEAsia
UM065	hspEAsia
UM066	hspEAsia
UM077	hspEAsia
UM085	hspEAsia
UM096	hspEAsia
UM111	hspEAsia
UM119	hspEAsia
UM137S	hspEAsia
UM163	hspEAsia
UM171S	hspEAsia
UM196	hspEAsia
UM229S	hspEAsia
UM233S	hspEAsia
UM246	hspEAsia
UM276S	hspEAsia
UM291	hspEAsia
UM303S	hspEAsia
UM352	hspEAsia
UM370	hspEAsia
UM443S	hspEAsia
UM520	hspEAsia
Yangon159	hspEAsia
Yangon173	hspEAsia
Yangon222	hspEAsia
Yangon244	hspEAsia
N6	hspEuropeC
NAD1	hspEuropeC
NP05-261	hspEuropeC
NP05-282	hspEuropeC
SA164C	hspEuropeC
SA171C	hspEuropeC
SA173C	hspEuropeC
SA213C	hspEuropeC
SA221C	hspEuropeC
SA302C	hspEuropeC
SA37C	hspEuropeC
NY40	hspEuropeSW
OK317	hspEuropeSW
132	hpAsia2
FD506	hspEAsia
FD568	hspEAsia
FD577	hspEAsia
GC26	hspEAsia
Manado-1	hspEAsia
Mandalay38	hspEAsia
ML1	hspEAsia
ML2	hspEAsia
ML3	hspEAsia
Taiwan-47	hspEAsia
EG-223	hspENEAfrica
AMI	hspEuropeC
